Título,Preço,Disponibilidade,Classificação
It's Only the Himalayas,45.17,True,Two
Full Moon over Noahâs Ark: An Odyssey to Mount Ararat and Beyond,49.43,True,Two
See America: A Celebration of Our National Parks & Treasured Sites,48.87,True,Two
Vagabonding: An Uncommon Guide to the Art of Long-Term World Travel,36.94,True,Two
Under the Tuscan Sun,37.33,True,Two
A Summer In Europe,44.34,True,Two
The Great Railway Bazaar,30.54,True,Two
A Year in Provence (Provence #1),56.88,True,Two
The Road to Little Dribbling: Adventures of an American in Britain (Notes From a Small Island #2),23.21,True,Two
Neither Here nor There: Travels in Europe,38.95,True,Two
"1,000 Places to See Before You Die",26.08,True,Two
